-- MySQL Script generated by MySQL Workbench
-- 02/13/17 12:54:19
-- Model: New Model    Version: 1.0
-- MySQL Workbench Forward Engineering

SET @OLD_UNIQUE_CHECKS=@@UNIQUE_CHECKS, UNIQUE_CHECKS=0;
SET @OLD_FOREIGN_KEY_CHECKS=@@FOREIGN_KEY_CHECKS, FOREIGN_KEY_CHECKS=0;
SET @OLD_SQL_MODE=@@SQL_MODE, SQL_MODE='TRADITIONAL,ALLOW_INVALID_DATES';

-- -----------------------------------------------------
-- Schema mgg13b
-- -----------------------------------------------------
DROP SCHEMA IF EXISTS `mgg13b` ;

-- -----------------------------------------------------
-- Schema mgg13b
-- -----------------------------------------------------
CREATE SCHEMA IF NOT EXISTS `mgg13b` DEFAULT CHARACTER SET utf8 ;
SHOW WARNINGS;
USE `mgg13b` ;

-- -----------------------------------------------------
-- Table `mgg13b`.`petstore`
-- -----------------------------------------------------
DROP TABLE IF EXISTS `mgg13b`.`petstore` ;

SHOW WARNINGS;
CREATE TABLE IF NOT EXISTS `mgg13b`.`petstore` (
  `pst_id` SMALLINT UNSIGNED NOT NULL AUTO_INCREMENT,
  `pst_name` VARCHAR(30) NOT NULL,
  `pst_street` VARCHAR(30) NOT NULL,
  `pst_zip` INT(9) UNSIGNED NOT NULL,
  `pst_phone` BIGINT UNSIGNED NOT NULL,
  `pst_email` VARCHAR(100) NOT NULL,
  `pst_url` VARCHAR(100) NOT NULL,
  `pst_ytd_sales` DECIMAL(10,2) NOT NULL,
  `pst_notes` VARCHAR(255) NULL,
  PRIMARY KEY (`pst_id`))
ENGINE = InnoDB;

SHOW WARNINGS;

-- -----------------------------------------------------
-- Table `mgg13b`.`customer`
-- -----------------------------------------------------
DROP TABLE IF EXISTS `mgg13b`.`customer` ;

SHOW WARNINGS;
CREATE TABLE IF NOT EXISTS `mgg13b`.`customer` (
  `cus_id` SMALLINT UNSIGNED NOT NULL AUTO_INCREMENT,
  `cus_fname` VARCHAR(30) NOT NULL,
  `cus_lname` VARCHAR(30) NOT NULL,
  `cus_street` VARCHAR(30) NOT NULL,
  `cus_city` VARCHAR(30) NOT NULL,
  `cus_state` CHAR(2) NOT NULL,
  `cus_zip` INT UNSIGNED NOT NULL,
  `cus_phone` BIGINT UNSIGNED NOT NULL,
  `cus_email` VARCHAR(100) NOT NULL,
  `cus_balance` DECIMAL(6,2) NOT NULL,
  `cus_total_sales` DECIMAL(6,2) NOT NULL,
  `cus_notes` VARCHAR(255) NULL,
  PRIMARY KEY (`cus_id`))
ENGINE = InnoDB;

SHOW WARNINGS;

-- -----------------------------------------------------
-- Table `mgg13b`.`pet`
-- -----------------------------------------------------
DROP TABLE IF EXISTS `mgg13b`.`pet` ;

SHOW WARNINGS;
CREATE TABLE IF NOT EXISTS `mgg13b`.`pet` (
  `pet_id` SMALLINT UNSIGNED NOT NULL AUTO_INCREMENT,
  `pst_id` SMALLINT UNSIGNED NOT NULL,
  `cus_id` SMALLINT UNSIGNED NULL,
  `pet_type` VARCHAR(45) NOT NULL,
  `pet_sex` ENUM('m', 'f') NOT NULL,
  `pet_cost` DECIMAL(6,2) NOT NULL,
  `pet_price` DECIMAL(6,2) NOT NULL,
  `pet_age` TINYINT UNSIGNED NOT NULL,
  `pet_color` VARCHAR(30) NOT NULL,
  `pet_sale_date` DATE NULL,
  `pet_vaccine` ENUM('y', 'n') NOT NULL,
  `pet_neuter` ENUM('y', 'n') NOT NULL,
  `pet_notes` VARCHAR(255) NULL,
  PRIMARY KEY (`pet_id`),
  INDEX `fk_pet_customer_idx` (`cus_id` ASC),
  INDEX `fk_pet_petstore1_idx` (`pst_id` ASC),
  CONSTRAINT `fk_pet_customer`
    FOREIGN KEY (`cus_id`)
    REFERENCES `mgg13b`.`customer` (`cus_id`)
    ON DELETE NO ACTION
    ON UPDATE NO ACTION,
  CONSTRAINT `fk_pet_petstore1`
    FOREIGN KEY (`pst_id`)
    REFERENCES `mgg13b`.`petstore` (`pst_id`)
    ON DELETE NO ACTION
    ON UPDATE NO ACTION)
ENGINE = InnoDB;

SHOW WARNINGS;

SET SQL_MODE=@OLD_SQL_MODE;
SET FOREIGN_KEY_CHECKS=@OLD_FOREIGN_KEY_CHECKS;
SET UNIQUE_CHECKS=@OLD_UNIQUE_CHECKS;

-- -----------------------------------------------------
-- Data for table `mgg13b`.`petstore`
-- -----------------------------------------------------
START TRANSACTION;
USE `mgg13b`;
INSERT INTO `mgg13b`.`petstore` (`pst_id`, `pst_name`, `pst_street`, `pst_zip`, `pst_phone`, `pst_email`, `pst_url`, `pst_ytd_sales`, `pst_notes`) VALUES (1, 'North', '1st st', 442100002, 456421001, '1@gmail.com', 'www.1.com', 1235.00, NULL);
INSERT INTO `mgg13b`.`petstore` (`pst_id`, `pst_name`, `pst_street`, `pst_zip`, `pst_phone`, `pst_email`, `pst_url`, `pst_ytd_sales`, `pst_notes`) VALUES (2, 'South', '2nd st', 987654321, 951462387, '2@gmail.com', 'www.2.com', 1561.00, NULL);
INSERT INTO `mgg13b`.`petstore` (`pst_id`, `pst_name`, `pst_street`, `pst_zip`, `pst_phone`, `pst_email`, `pst_url`, `pst_ytd_sales`, `pst_notes`) VALUES (3, 'East', '3rd st', 789456123, 789456123, '3@gmail.com', 'www.3.com', 2563.00, NULL);
INSERT INTO `mgg13b`.`petstore` (`pst_id`, `pst_name`, `pst_street`, `pst_zip`, `pst_phone`, `pst_email`, `pst_url`, `pst_ytd_sales`, `pst_notes`) VALUES (4, 'West', '4th st', 213654789, 325461789, '4@gmail.com', 'www.4.com', 4521.00, NULL);
INSERT INTO `mgg13b`.`petstore` (`pst_id`, `pst_name`, `pst_street`, `pst_zip`, `pst_phone`, `pst_email`, `pst_url`, `pst_ytd_sales`, `pst_notes`) VALUES (5, 'King', '5th st', 345621789, 456874453, '5@gmail.com', 'www.5com', 1238.00, NULL);
INSERT INTO `mgg13b`.`petstore` (`pst_id`, `pst_name`, `pst_street`, `pst_zip`, `pst_phone`, `pst_email`, `pst_url`, `pst_ytd_sales`, `pst_notes`) VALUES (6, 'Queen', '6th st', 362145987, 456541352, '6@gmail.com', 'www.6.com', 1235.00, NULL);
INSERT INTO `mgg13b`.`petstore` (`pst_id`, `pst_name`, `pst_street`, `pst_zip`, `pst_phone`, `pst_email`, `pst_url`, `pst_ytd_sales`, `pst_notes`) VALUES (7, 'Jack', '7th st', 875412369, 564972315, '7@gmail.com', 'www.7.com', 1561.00, NULL);
INSERT INTO `mgg13b`.`petstore` (`pst_id`, `pst_name`, `pst_street`, `pst_zip`, `pst_phone`, `pst_email`, `pst_url`, `pst_ytd_sales`, `pst_notes`) VALUES (8, 'Ten', '8th st', 254789631, 546547897, '8@gmail.com', 'www.8.com', 4145612.00, NULL);
INSERT INTO `mgg13b`.`petstore` (`pst_id`, `pst_name`, `pst_street`, `pst_zip`, `pst_phone`, `pst_email`, `pst_url`, `pst_ytd_sales`, `pst_notes`) VALUES (9, 'Nine', '9th st', 123658947, 545645613, '9@gmail.com', 'www.9.com', 5413.00, NULL);
INSERT INTO `mgg13b`.`petstore` (`pst_id`, `pst_name`, `pst_street`, `pst_zip`, `pst_phone`, `pst_email`, `pst_url`, `pst_ytd_sales`, `pst_notes`) VALUES (10, 'Eight', '10th st', 458762139, 021046488, '10@gmail.com', 'www.10.com', 1231.00, NULL);

COMMIT;


-- -----------------------------------------------------
-- Data for table `mgg13b`.`customer`
-- -----------------------------------------------------
START TRANSACTION;
USE `mgg13b`;
INSERT INTO `mgg13b`.`customer` (`cus_id`, `cus_fname`, `cus_lname`, `cus_street`, `cus_city`, `cus_state`, `cus_zip`, `cus_phone`, `cus_email`, `cus_balance`, `cus_total_sales`, `cus_notes`) VALUES (11, 'Mark', 'Adam', 'kilo st', 'Uniform', 'FL', 456789123, 951236478, 'M@gmail.com', 1.00, 5.00, NULL);
INSERT INTO `mgg13b`.`customer` (`cus_id`, `cus_fname`, `cus_lname`, `cus_street`, `cus_city`, `cus_state`, `cus_zip`, `cus_phone`, `cus_email`, `cus_balance`, `cus_total_sales`, `cus_notes`) VALUES (12, 'John', 'Bravo', 'lima st', 'Victor', 'FL', 321678945, 123456789, 'J@gmail.com', 2.00, 3.00, NULL);
INSERT INTO `mgg13b`.`customer` (`cus_id`, `cus_fname`, `cus_lname`, `cus_street`, `cus_city`, `cus_state`, `cus_zip`, `cus_phone`, `cus_email`, `cus_balance`, `cus_total_sales`, `cus_notes`) VALUES (13, 'Matt', 'Charlie', 'mike st', 'Whisky ', 'FL', 454212315, 987654321, 'M1@gmail.com', 25.00, 4.00, NULL);
INSERT INTO `mgg13b`.`customer` (`cus_id`, `cus_fname`, `cus_lname`, `cus_street`, `cus_city`, `cus_state`, `cus_zip`, `cus_phone`, `cus_email`, `cus_balance`, `cus_total_sales`, `cus_notes`) VALUES (14, 'Luke', 'Delta', 'november st', 'Xray', 'FL', 545687912, 456123789, 'L@gmail.com', 35.00, 6.00, NULL);
INSERT INTO `mgg13b`.`customer` (`cus_id`, `cus_fname`, `cus_lname`, `cus_street`, `cus_city`, `cus_state`, `cus_zip`, `cus_phone`, `cus_email`, `cus_balance`, `cus_total_sales`, `cus_notes`) VALUES (15, 'Frank', 'Echo', 'oscar st', 'Yankee', 'FL', 123154651, 456123709, 'F@gmail.com', 12.00, 9.00, NULL);
INSERT INTO `mgg13b`.`customer` (`cus_id`, `cus_fname`, `cus_lname`, `cus_street`, `cus_city`, `cus_state`, `cus_zip`, `cus_phone`, `cus_email`, `cus_balance`, `cus_total_sales`, `cus_notes`) VALUES (16, 'Ceasar', 'Foxtrot', 'papa st', 'Zulu', 'FL', 121534511, 564123456, 'C@gmail.com', 25.00, 8.00, NULL);
INSERT INTO `mgg13b`.`customer` (`cus_id`, `cus_fname`, `cus_lname`, `cus_street`, `cus_city`, `cus_state`, `cus_zip`, `cus_phone`, `cus_email`, `cus_balance`, `cus_total_sales`, `cus_notes`) VALUES (17, 'Peter', 'Golf', 'quebec st', 'Alpha', 'FL', 156456123, 123456789, 'P@gmail.com', 30.00, 7.00, NULL);
INSERT INTO `mgg13b`.`customer` (`cus_id`, `cus_fname`, `cus_lname`, `cus_street`, `cus_city`, `cus_state`, `cus_zip`, `cus_phone`, `cus_email`, `cus_balance`, `cus_total_sales`, `cus_notes`) VALUES (18, 'Cain', 'Hotel', 'romeo st', 'Bravo', 'FL', 312135464, 321567891, 'C1@gmail.com', 14.33, 4.00, NULL);
INSERT INTO `mgg13b`.`customer` (`cus_id`, `cus_fname`, `cus_lname`, `cus_street`, `cus_city`, `cus_state`, `cus_zip`, `cus_phone`, `cus_email`, `cus_balance`, `cus_total_sales`, `cus_notes`) VALUES (19, 'Android', 'India', 'sierra st', 'Charlie', 'FL', 564564879, 023156987, 'A@gmail.com', 50.66, 5.00, NULL);
INSERT INTO `mgg13b`.`customer` (`cus_id`, `cus_fname`, `cus_lname`, `cus_street`, `cus_city`, `cus_state`, `cus_zip`, `cus_phone`, `cus_email`, `cus_balance`, `cus_total_sales`, `cus_notes`) VALUES (20, 'Bob', 'Juliet', 'tango st', 'Delta', 'FL', 897531231, 014785293, 'B@gmail.com', 58.00, 6.00, NULL);

COMMIT;


-- -----------------------------------------------------
-- Data for table `mgg13b`.`pet`
-- -----------------------------------------------------
START TRANSACTION;
USE `mgg13b`;
INSERT INTO `mgg13b`.`pet` (`pet_id`, `pst_id`, `cus_id`, `pet_type`, `pet_sex`, `pet_cost`, `pet_price`, `pet_age`, `pet_color`, `pet_sale_date`, `pet_vaccine`, `pet_neuter`, `pet_notes`) VALUES (21, 1, 11, 'dog', 'm', 50.00, 500.00, 1, 'white', '2000-05-04', 'y', 'n', NULL);
INSERT INTO `mgg13b`.`pet` (`pet_id`, `pst_id`, `cus_id`, `pet_type`, `pet_sex`, `pet_cost`, `pet_price`, `pet_age`, `pet_color`, `pet_sale_date`, `pet_vaccine`, `pet_neuter`, `pet_notes`) VALUES (22, 2, 12, 'cat', 'm', 1.00, 9.00, 2, 'black', '2001-05-02', 'y', 'n', NULL);
INSERT INTO `mgg13b`.`pet` (`pet_id`, `pst_id`, `cus_id`, `pet_type`, `pet_sex`, `pet_cost`, `pet_price`, `pet_age`, `pet_color`, `pet_sale_date`, `pet_vaccine`, `pet_neuter`, `pet_notes`) VALUES (23, 3, 13, 'lizard', 'm', 15.00, 45.00, 3, 'green', '2002-04-05', 'y', 'n', NULL);
INSERT INTO `mgg13b`.`pet` (`pet_id`, `pst_id`, `cus_id`, `pet_type`, `pet_sex`, `pet_cost`, `pet_price`, `pet_age`, `pet_color`, `pet_sale_date`, `pet_vaccine`, `pet_neuter`, `pet_notes`) VALUES (24, 4, 14, 'chinchilla', 'm', 5000.00, 6000.00, 4, 'white', NULL, 'y', 'n', NULL);
INSERT INTO `mgg13b`.`pet` (`pet_id`, `pst_id`, `cus_id`, `pet_type`, `pet_sex`, `pet_cost`, `pet_price`, `pet_age`, `pet_color`, `pet_sale_date`, `pet_vaccine`, `pet_neuter`, `pet_notes`) VALUES (25, 5, 15, 'fish', 'm', .50, 1.00, 5, 'gold', '2014-03-02', 'y', 'n', NULL);
INSERT INTO `mgg13b`.`pet` (`pet_id`, `pst_id`, `cus_id`, `pet_type`, `pet_sex`, `pet_cost`, `pet_price`, `pet_age`, `pet_color`, `pet_sale_date`, `pet_vaccine`, `pet_neuter`, `pet_notes`) VALUES (26, 6, 16, 'frog', 'f', 1.00, 2.00, 6, 'green', '2020-04-06', 'y', 'n', NULL);
INSERT INTO `mgg13b`.`pet` (`pet_id`, `pst_id`, `cus_id`, `pet_type`, `pet_sex`, `pet_cost`, `pet_price`, `pet_age`, `pet_color`, `pet_sale_date`, `pet_vaccine`, `pet_neuter`, `pet_notes`) VALUES (27, 7, 17, 'hamster', 'f', .75, 1.50, 7, 'grey', '2009-04-05', 'y', 'n', NULL);
INSERT INTO `mgg13b`.`pet` (`pet_id`, `pst_id`, `cus_id`, `pet_type`, `pet_sex`, `pet_cost`, `pet_price`, `pet_age`, `pet_color`, `pet_sale_date`, `pet_vaccine`, `pet_neuter`, `pet_notes`) VALUES (28, 8, 18, 'dolphin', 'f', 9999.99, 9999.99, 8, 'grey', NULL, 'y', 'n', NULL);
INSERT INTO `mgg13b`.`pet` (`pet_id`, `pst_id`, `cus_id`, `pet_type`, `pet_sex`, `pet_cost`, `pet_price`, `pet_age`, `pet_color`, `pet_sale_date`, `pet_vaccine`, `pet_neuter`, `pet_notes`) VALUES (29, 9, 19, 'dog', 'f', 100.00, 150.00, 9, 'black', '2014-03-04', 'y', 'n', NULL);
INSERT INTO `mgg13b`.`pet` (`pet_id`, `pst_id`, `cus_id`, `pet_type`, `pet_sex`, `pet_cost`, `pet_price`, `pet_age`, `pet_color`, `pet_sale_date`, `pet_vaccine`, `pet_neuter`, `pet_notes`) VALUES (30, 10, 20, 'cat', 'm', .01, .02, 10, 'white', '2015-04-06', 'y', 'n', NULL);

COMMIT;

